{
    "uvs":[[0.0001,0.0001,0.9999,0.0001,0.9999,0.9999,0.0001,0.9999]],
    "normals":[0,1,0],
    "name":"PlaneGeometry.1",
    "vertices":[-22.3275,3.51884,22.0394,15.921,3.51884,22.0394,-22.3275,3.51884,-16.2091,15.921,3.51884,-16.2091],
    "faces":[41,0,1,3,2,0,1,2,3,0,0,0,0],
    "metadata":{
        "uvs":1,
        "generator":"io_three",
        "normals":1,
        "vertices":4,
        "type":"Geometry",
        "version":3,
        "faces":1
    }
}