{
    "uvs":[[0.983057,0.5,0.686777,0.577366,0.946287,0.684858,0.962672,0.64035,0.974341,0.594353,0.981163,0.547391,0.981163,0.452609,0.974341,0.405648,0.962672,0.35965,0.946287,0.315142,0.686778,0.422634,0.841573,0.841572,0.577366,0.686778,0.684858,0.946287,0.727916,0.926401,0.768692,0.902127,0.806724,0.873744,0.873744,0.806724,0.902127,0.768692,0.926401,0.727916,0.5,0.983057,0.422634,0.686778,0.315142,0.946287,0.35965,0.962672,0.405648,0.974341,0.45261,0.981163,0.54739,0.981163,0.594353,0.974341,0.64035,0.962672,0.158427,0.841572,0.313223,0.577366,0.053714,0.684858,0.073599,0.727916,0.097874,0.768692,0.126256,0.806724,0.193276,0.873744,0.231308,0.902127,0.272084,0.926402,0.016943,0.5,0.313223,0.422634,0.053714,0.315142,0.037328,0.35965,0.025659,0.405648,0.018837,0.452609,0.018837,0.547391,0.025659,0.594353,0.037328,0.64035,0.158427,0.158428,0.422634,0.313222,0.315142,0.053713,0.272084,0.073598,0.231308,0.097873,0.193276,0.126256,0.126256,0.193276,0.097874,0.231308,0.073599,0.272084,0.5,0.016943,0.577366,0.313222,0.684858,0.053713,0.64035,0.037328,0.594353,0.025659,0.54739,0.018837,0.45261,0.018837,0.405648,0.025659,0.35965,0.037328,0.841572,0.158428,0.926401,0.272084,0.902127,0.231308,0.873744,0.193276,0.806724,0.126256,0.768692,0.097873,0.727916,0.073598,0.5,0.5]],
    "normals":[0.667928,-0.732231,-0.132847,0.667928,-0.732231,0.132847,0.378338,-0.732231,-0.56624,0.56624,-0.732231,-0.378338,-0.132847,-0.732231,-0.667928,0.132847,-0.732231,-0.667928,-0.56624,-0.732231,-0.378338,-0.378338,-0.732231,-0.56624,-0.667928,-0.732231,0.132847,-0.667928,-0.732231,-0.132847,-0.378338,-0.732231,0.56624,-0.56624,-0.732231,0.378338,0.132847,-0.732231,0.667928,-0.132847,-0.732231,0.667928,0.56624,-0.732231,0.378338,0.378338,-0.732231,0.56624,0.652882,-0.757408,0,0.461654,-0.757408,-0.461654,0,-0.757408,-0.652882,-0.461654,-0.757408,-0.461654,-0.652882,-0.757408,0,-0.461654,-0.757408,0.461654,0,-0.757408,0.652882,0.461654,-0.757408,0.461654],
    "name":"dmeshGeometry",
    "vertices":[29.8336,0,0,27.5627,-0,-11.4168,21.0956,-1e-06,-21.0956,11.4168,-1e-06,-27.5627,-1e-06,-1e-06,-29.8336,-11.4168,-1e-06,-27.5627,-21.0956,-1e-06,-21.0956,-27.5627,-0,-11.4168,-29.8336,0,3e-06,-27.5627,0,11.4168,-21.0956,1e-06,21.0956,-11.4168,1e-06,27.5627,0,1e-06,29.8336,11.4168,1e-06,27.5627,21.0956,1e-06,21.0956,27.5627,0,11.4168,29.2604,0.5331,-5.82026,24.8058,0.533099,-16.5747,16.5747,0.533099,-24.8058,5.82026,0.533099,-29.2604,-5.82026,0.533099,-29.2604,-16.5747,0.533099,-24.8058,-24.8058,0.533099,-16.5747,-29.2604,0.5331,-5.82026,-29.2604,0.5331,5.82025,-24.8058,0.533101,16.5747,-16.5747,0.533101,24.8058,-5.82026,0.533101,29.2604,5.82026,0.533101,29.2604,16.5747,0.533101,24.8058,24.8058,0.533101,16.5747,29.2604,0.5331,5.82025,29.69,0.401436,-2.92421,28.549,0.401436,-8.66025,26.3109,0.401436,-14.0635,23.0617,0.401436,-18.9263,18.9263,0.401435,-23.0617,14.0635,0.401435,-26.3109,8.66025,0.401435,-28.549,2.92421,0.401435,-29.69,-2.92421,0.401435,-29.69,-8.66025,0.401435,-28.549,-14.0635,0.401435,-26.3109,-18.9263,0.401435,-23.0617,-23.0617,0.401436,-18.9263,-26.3109,0.401436,-14.0635,-28.549,0.401436,-8.66025,-29.69,0.401436,-2.92421,-29.69,0.401437,2.92421,-28.549,0.401437,8.66025,-26.3109,0.401437,14.0635,-23.0617,0.401437,18.9263,-18.9263,0.401438,23.0617,-14.0635,0.401438,26.3109,-8.66025,0.401438,28.549,-2.9242,0.401438,29.69,2.9242,0.401438,29.69,8.66025,0.401438,28.549,14.0635,0.401438,26.3109,18.9263,0.401438,23.0617,23.0617,0.401437,18.9263,26.3109,0.401437,14.0635,28.549,0.401437,8.66025,29.69,0.401437,2.92421,11.9335,-15.43,-4.943,4.943,-15.43,-11.9335,-4.943,-15.43,-11.9335,-11.9335,-15.43,-4.943,-11.9335,-15.43,4.943,-4.943,-15.43,11.9335,4.943,-15.43,11.9335,11.9335,-15.43,4.943,0,-25.7166,1e-06,11.4168,1e-06,27.5627,4.943,-15.43,11.9335,4.943,-15.43,11.9335,4.943,-15.43,11.9335,-27.5627,-0,-11.4168,-1e-06,-1e-06,-29.8336,-1e-06,-1e-06,-29.8336,-11.4168,1e-06,27.5627,11.4168,-1e-06,-27.5627,-11.4168,-1e-06,-27.5627,-4.943,-15.43,-11.9335,-4.943,-15.43,-11.9335,-4.943,-15.43,-11.9335,21.0956,-1e-06,-21.0956,21.0956,-1e-06,-21.0956,11.9335,-15.43,-4.943,11.9335,-15.43,-4.943,11.9335,-15.43,-4.943,29.8336,0,0,29.8336,0,0,11.9335,-15.43,4.943,11.9335,-15.43,4.943,11.9335,-15.43,4.943,0,-25.7166,1e-06,0,-25.7166,1e-06,0,-25.7166,1e-06,0,-25.7166,1e-06,0,-25.7166,1e-06,0,-25.7166,1e-06,0,-25.7166,1e-06,27.5627,0,11.4168,27.5627,-0,-11.4168,-21.0956,-1e-06,-21.0956,-21.0956,-1e-06,-21.0956,-21.0956,1e-06,21.0956,-21.0956,1e-06,21.0956,-4.943,-15.43,11.9335,-4.943,-15.43,11.9335,-4.943,-15.43,11.9335,0,1e-06,29.8336,0,1e-06,29.8336,4.943,-15.43,-11.9335,4.943,-15.43,-11.9335,4.943,-15.43,-11.9335,21.0956,1e-06,21.0956,21.0956,1e-06,21.0956,-11.9335,-15.43,-4.943,-11.9335,-15.43,-4.943,-11.9335,-15.43,-4.943,-27.5627,0,11.4168,-11.9335,-15.43,4.943,-11.9335,-15.43,4.943,-11.9335,-15.43,4.943,-29.8336,0,3e-06,-29.8336,0,3e-06],
    "faces":[40,32,91,89,5,0,1,0,0,0,40,89,104,33,1,2,3,0,0,0,40,33,16,32,3,4,5,0,0,0,40,89,33,32,1,3,5,0,0,0,40,94,92,63,10,0,6,1,1,1,40,63,31,62,6,7,8,1,1,1,40,62,103,94,8,9,10,1,1,1,40,63,62,94,6,8,10,1,1,1,40,36,87,114,16,11,12,2,2,2,40,114,81,37,12,13,14,2,2,2,40,37,18,36,14,15,16,2,2,2,40,114,37,36,12,14,16,2,2,2,40,88,86,35,1,11,17,3,3,3,40,35,17,34,17,18,19,3,3,3,40,34,1,88,19,2,1,3,3,3,40,35,34,88,17,19,1,3,3,3,40,40,79,83,25,20,21,4,4,4,40,83,82,41,21,22,23,4,4,4,40,41,20,40,23,24,25,4,4,4,40,83,41,40,21,23,25,4,4,4,40,115,78,39,12,20,26,5,5,5,40,39,19,38,26,27,28,5,5,5,40,38,3,115,28,13,12,5,5,5,40,39,38,115,26,28,12,5,5,5,40,44,106,119,34,29,30,6,6,6,40,119,77,45,30,31,32,6,6,6,40,45,22,44,32,33,34,6,6,6,40,119,45,44,30,32,34,6,6,6,40,85,105,43,21,29,35,7,7,7,40,43,21,42,35,36,37,7,7,7,40,42,5,85,37,22,21,7,7,7,40,43,42,85,35,37,21,7,7,7,40,48,127,123,43,38,39,8,8,8,40,123,122,49,39,40,41,8,8,8,40,49,24,48,41,42,43,8,8,8,40,123,49,48,39,41,43,8,8,8,40,120,126,47,30,38,44,9,9,9,40,47,23,46,44,45,46,9,9,9,40,46,7,120,46,31,30,9,9,9,40,47,46,120,44,46,30,9,9,9,40,52,107,109,52,47,48,10,10,10,40,109,80,53,48,49,50,10,10,10,40,53,26,52,50,51,52,10,10,10,40,109,53,52,48,50,52,10,10,10,40,125,108,51,39,47,53,11,11,11,40,51,25,50,53,54,55,11,11,11,40,50,9,125,55,40,39,11,11,11,40,51,50,125,53,55,39,11,11,11,40,56,113,74,61,56,57,12,12,12,40,74,73,57,57,58,59,12,12,12,40,57,28,56,59,60,61,12,12,12,40,74,57,56,57,59,61,12,12,12,40,110,112,55,48,56,62,13,13,13,40,55,27,54,62,63,64,13,13,13,40,54,11,110,64,49,48,13,13,13,40,55,54,110,62,64,48,13,13,13,40,60,118,95,68,65,10,14,14,14,40,95,15,61,10,9,66,14,14,14,40,61,30,60,66,67,68,14,14,14,40,95,61,60,10,66,68,14,14,14,40,75,117,59,57,65,69,15,15,15,40,59,29,58,69,70,71,15,15,15,40,58,13,75,71,58,57,15,15,15,40,59,58,75,69,71,57,15,15,15,41,0,93,96,90,0,10,72,1,16,16,16,16,41,2,64,102,116,11,1,72,12,17,17,17,17,41,4,65,98,84,20,12,72,21,18,18,18,18,41,6,66,101,121,29,21,72,30,19,19,19,19,41,8,67,97,124,38,30,72,39,20,20,20,20,41,10,68,100,111,47,39,72,48,21,21,21,21,41,12,69,99,76,56,48,72,57,22,22,22,22,41,14,70,72,71,65,57,72,10,23,23,23,23],
    "metadata":{
        "uvs":1,
        "generator":"io_three",
        "normals":24,
        "vertices":128,
        "type":"Geometry",
        "version":3,
        "faces":72
    }
}